,low_cred_score,low_cred_score,low_cred_score,low_cred_score,low_cred_score,low_cred_score,low_cred_score,low_cred_score,low_cred_score
,sum,sum,sum,mean,mean,mean,count,count,count
,sum,mean,sem,sum,mean,sem,sum,mean,sem
seed,,,,,,,,,
Center,128.0,42.666666666666664,18.8001182029381,0.02611541249594449,0.008705137498648164,0.0036264037477388216,13716,4572.0,1036.2896956610798
Center-left,162.0,54.0,43.139309220245984,0.02984634463055017,0.009948781543516723,0.007424630609760782,13625,4541.666666666667,813.4570944090686
Center-right,987.0,329.0,78.1174329668694,0.29272622410639243,0.09757540803546415,0.006896395908880915,10266,3422.0,924.7307716303162
Left,114.0,38.0,24.54248017893329,0.02971232422794949,0.009904108075983164,0.00800354913905044,17461,5820.333333333333,1245.9542973605057
Right,1129.0,376.3333333333333,66.23778713426684,0.4345733281515849,0.1448577760505283,0.004099609602807683,7867,2622.3333333333335,511.24499454219057
